CustomerID,FirstName,LastName,Email,Phone,AddressLine1,AddressLine2,City,State,ZipCode,Country,RegistrationDate
1,John,Doe,johndoe@example.com,1234567890,123 Main St,,Anytown,CA,12345,USA,2024-06-21
2,Jane,Smith,janesmith@example.com,9876543210,456 Elm St,,Smallville,NY,54321,USA,2024-06-20
3,Michael,Johnson,michaeljohnson@example.com,5678901234,789 Oak Ave,,Bigcity,TX,67890,USA,2024-06-19
4,Emily,Brown,emilybrown@example.com,2345678901,234 Pine Rd,,Hometown,FL,45678,USA,2024-06-18
5,David,Williams,davidwilliams@example.com,8901234567,890 Cedar Ln,,Metropolis,WA,34567,USA,2024-06-17
6,Sarah,Jones,sarahjones@example.com,3456789012,567 Maple Blvd,,Riverside,IL,23456,USA,2024-06-16
7,Christopher,Davis,christopherdavis@example.com,4567890123,678 Birch Dr,,Sunnydale,OH,12345,USA,2024-06-15
8,Amanda,Miller,amandamiller@example.com,6789012345,901 Pineapple Ln,,Beachtown,CA,56789,USA,2024-06-14
9,Matthew,Wilson,matthewwilson@example.com,7890123456,123 Cherry Ave,,Mountainview,NY,45678,USA,2024-06-13
10,Olivia,Martin,oliviamartin@example.com,9012345678,456 Apple St,,Lakeview,TX,34567,USA,2024-06-12
11,Andrew,Thompson,andrewthompson@example.com,0123456789,789 Orange Rd,,Hillsboro,FL,23456,USA,2024-06-11
12,Emma,Garcia,emmagarcia@example.com,1234567890,234 Lemon Blvd,,Highland,WA,12345,USA,2024-06-10
13,James,Martinez,jamesmartinez@example.com,2345678901,567 Strawberry Ln,,Parkside,IL,67890,USA,2024-06-09
14,Isabella,Robinson,isabellarobinson@example.com,3456789012,890 Banana Dr,,Springfield,OH,54321,USA,2024-06-08
15,William,Clark,williamclark@example.com,4567890123,012 Peach Ave,,Riverdale,CA,45678,USA,2024-06-07
16,Sophia,Rodriguez,sophiarodriguez@example.com,5678901234,123 Grapefruit Rd,,Oceanside,NY,56789,USA,2024-06-06
17,Alexander,Lewis,alexanderlewis@example.com,6789012345,234 Watermelon Ln,,Fieldstown,TX,67890,USA,2024-06-05
18,Mia,Lee,mialee@example.com,7890123456,345 Plum St,,Greenville,FL,78901,USA,2024-06-04
19,Daniel,Walker,danielwalker@example.com,8901234567,456 Peachtree Ave,,Springfield,WA,89012,USA,2024-06-03
20,Charlotte,Hall,charlottehall@example.com,9012345678,567 Blueberry Blvd,,Woodville,IL,90123,USA,2024-06-02
21,Noah,Hernandez,noahhernandez@example.com,1234567890,678 Pinecone Rd,,Seaside,CA,23456,USA,2024-06-01
22,Grace,Young,graceyoung@example.com,9876543210,890 Birchwood Ave,,Hometown,NY,34567,USA,2024-05-31
23,Liam,Scott,liamscott@example.com,5678901234,012 Cedar St,,Lakeview,TX,45678,USA,2024-05-30
24,Hannah,Nguyen,hannahnguyen@example.com,2345678901,234 Oakwood Blvd,,Riverdale,FL,56789,USA,2024-05-29
25,Ethan,Hall,ethanhall@example.com,8901234567,456 Maple Dr,,Springfield,WA,67890,USA,2024-05-28
26,Sophia,Allen,sophiaallen@example.com,3456789012,678 Pine St,,Greenville,IL,78901,USA,2024-05-27
27,James,Lopez,jameslopez@example.com,4567890123,901 Rosewood Ln,,Highland,OH,89012,USA,2024-05-26
28,Amelia,Hill,ameliahill@example.com,6789012345,123 Pineapple Ave,,Sunnydale,CA,12345,USA,2024-05-25
29,Aiden,Green,aidengreen@example.com,7890123456,456 Elmwood Dr,,Metropolis,NY,23456,USA,2024-05-24
30,Mia,Adams,miaadams@example.com,9012345678,789 Cedar Ln,,Springfield,TX,34567,USA,2024-05-23
31,Lucas,Baker,lucasbaker@example.com,0123456789,890 Apple St,,Hillsboro,FL,45678,USA,2024-05-22
32,Chloe,Gonzalez,chloegonzalez@example.com,1234567890,234 Orange Rd,,Bigcity,WA,56789,USA,2024-05-21
33,Mason,Campbell,masoncampbell@example.com,5678901234,567 Lemon Blvd,,Parkside,IL,67890,USA,2024-05-20
34,Isabella,Carter,isabellacarter@example.com,7890123456,890 Strawberry Ln,,Fieldstown,TX,78901,USA,2024-05-19
35,Ava,Mitchell,avamitchell@example.com,9012345678,012 Grapefruit Rd,,Greenville,FL,89012,USA,2024-05-18
36,Liam,Perez,liamperez@example.com,2345678901,123 Watermelon Ln,,Highland,OH,12345,USA,2024-05-17
37,Charlotte,Roberts,charlotteroberts@example.com,4567890123,234 Plum St,,Sunnydale,CA,23456,USA,2024-05-16
38,Noah,Gomez,noahgomez@example.com,5678901234,345 Peachtree Ave,,Metropolis,NY,34567,USA,2024-05-15
39,Emma,Kelly,emmakelly@example.com,6789012345,456 Blueberry Blvd,,Springfield,TX,45678,USA,2024-05-14
40,Oliver,Howard,oliverhoward@example.com,7890123456,567 Pinecone Rd,,Lakeview,FL,56789,USA,2024-05-13
41,Ava,Nelson,avanelson@example.com,8901234567,678 Birchwood Ave,,Hometown,WA,67890,USA,2024-05-12
42,Elijah,Cook,elijahcook@example.com,0123456789,789 Cedar St,,Riverdale,IL,78901,USA,2024-05-11
43,Scarlett,Bailey,scarlettbailey@example.com,2345678901,890 Oakwood Blvd,,Springfield,OH,89012,USA,2024-05-10
44,Amelia,Rivera,ameliarivera@example.com,3456789012,012 Maple Dr,,Bigcity,CA,12345,USA,2024-05-09
45,Logan,Parker,loganparker@example.com,4567890123,123 Pine St,,Highland,NY,23456,USA,2024-05-08
46,Grace,Gonzalez,gracegonzalez@example.com,5678901234,234 Rosewood Ln,,Greenville,TX,34567,USA,2024-05-07
47,James,Hall,jameshall@example.com,6789012345,345 Pineapple Ave,,Sunnydale,FL,45678,USA,2024-05-06
48,Sophia,Wright,sophiawright@example.com,7890123456,456 Elmwood Dr,,Lakeview,WA,56789,USA,2024-05-05
49,Jack,Morris,jackmorris@example.com,9012345678,567 Oak Ave,,Hometown,IL,67890,USA,2024-05-04
50,Ella,Watson,ellawatson@example.com,2345678901,789 Birchwood Ave,,Hometown,NY,23456,USA,2024-05-02
51,Oliver,Bennett,oliverbennett@example.com,3456789012,890 Cedar St,,Bigcity,TX,34567,USA,2024-05-01
52,Amelia,Richardson,ameliarichardson@example.com,4567890123,901 Pine Rd,,Springfield,FL,45678,USA,2024-04-30
53,Ethan,Cruz,ethancruz@example.com,5678901234,012 Maple Blvd,,Highland,WA,56789,USA,2024-04-29
54,Isabella,Hughes,isabellahughes@example.com,6789012345,123 Lemon Dr,,Sunnydale,IL,67890,USA,2024-04-28
55,Lucas,Long,lucaslong@example.com,7890123456,234 Pineapple Ave,,Metropolis,OH,78901,USA,2024-04-27
56,Charlotte,Flores,charlotteflores@example.com,8901234567,345 Strawberry Ln,,Greenville,CA,89012,USA,2024-04-26
57,Amelia,Washington,ameliawashington@example.com,9012345678,456 Apple St,,Hillsboro,NY,90123,USA,2024-04-25
58,Liam,Collins,liamcollins@example.com,0123456789,567 Orange Rd,,Springfield,TX,12345,USA,2024-04-24
59,Harper,Butler,harperbutler@example.com,2345678901,678 Cherry Ave,,Fieldstown,FL,23456,USA,2024-04-23
60,James,Simmons,jamessimmons@example.com,3456789012,789 Grapefruit Rd,,Riverdale,WA,34567,USA,2024-04-22
61,Sophia,Foster,sophiafoster@example.com,4567890123,890 Watermelon Ln,,Highland,IL,45678,USA,2024-04-21
62,Logan,Gonzalez,logangonzalez@example.com,5678901234,901 Plum St,,Bigcity,OH,56789,USA,2024-04-20
63,Ava,Bryant,avabryant@example.com,6789012345,012 Peachtree Ave,,Sunnydale,CA,67890,USA,2024-04-19
64,Noah,Alexander,noahalexander@example.com,7890123456,123 Blueberry Blvd,,Metropolis,NY,78901,USA,2024-04-18
65,Olivia,Reed,oliviareed@example.com,8901234567,234 Pinecone Rd,,Greenville,TX,89012,USA,2024-04-17
66,Elijah,Russell,elijahrussell@example.com,0123456789,345 Birchwood Ave,,Hometown,FL,12345,USA,2024-04-16
67,Emma,Griffin,emmagriffin@example.com,2345678901,456 Oakwood Blvd,,Lakeview,WA,23456,USA,2024-04-15
68,William,Diaz,williamdiaz@example.com,3456789012,567 Cedar St,,Springfield,IL,34567,USA,2024-04-14
69,Isabella,Hayes,isabellahayes@example.com,4567890123,678 Maple Dr,,Highland,OH,45678,USA,2024-04-13
70,Mia,Fleming,miafleming@example.com,5678901234,789 Rosewood Ln,,Bigcity,CA,56789,USA,2024-04-12
71,Alexander,Kelly,alexanderkelly@example.com,6789012345,890 Pine St,,Sunnydale,NY,67890,USA,2024-04-11
72,Sophia,Price,sophiaprice@example.com,7890123456,901 Cherry Ave,,Hillsboro,TX,78901,USA,2024-04-10
73,James,Ward,jamesward@example.com,0123456789,123 Oak Ave,,Springfield,FL,89012,USA,2024-04-09
74,Charlotte,Hamilton,charlottehamilton@example.com,2345678901,234 Birchwood Ave,,Metropolis,WA,12345,USA,2024-04-08
75,Noah,Graham,noahgraham@example.com,3456789012,345 Cedar St,,Bigcity,IL,23456,USA,2024-04-07
76,Emily,Sullivan,emilysullivan@example.com,4567890123,456 Pine Rd,,Lakeview,OH,34567,USA,2024-04-06
77,William,Wallace,williamwallace@example.com,5678901234,567 Lemon Dr,,Sunnydale,CA,45678,USA,2024-04-05
78,Ella,Woods,ellawoods@example.com,6789012345,678 Pineapple Ave,,Highland,NY,56789,USA,2024-04-04
79,Ethan,West,ethanwest@example.com,7890123456,789 Apple St,,Springfield,TX,67890,USA,2024-04-03
80,Isabella,Griffin,isabellagriffin@example.com,9012345678,890 Orange Rd,,Hometown,FL,78901,USA,2024-04-02
81,Noah,Hart,noahhart@example.com,2345678901,234 Pine St,,Bigcity,IL,23456,USA,2024-03-31
82,Olivia,Greene,oliviagreene@example.com,3456789012,345 Pine St,,Sunnydale,CA,34567,USA,2024-03-30
83,James,Watson,jameswatson@example.com,4567890123,456 Pine St,,Lakeview,NY,45678,USA,2024-03-29
84,Sophia,Harrison,sophiaharrison@example.com,5678901234,567 Pine St,,Highland,TX,56789,USA,2024-03-28
85,Ethan,Fisher,ethanfisher@example.com,6789012345,678 Pine St,,Springfield,FL,67890,USA,2024-03-27
86,Isabella,Gordon,isabellagordon@example.com,7890123456,789 Pine St,,Hometown,WA,78901,USA,2024-03-26
87,Mia,Dixon,miadixon@example.com,8901234567,890 Pine St,,Bigcity,IL,89012,USA,2024-03-25
88,William,Hamilton,williamhamilton@example.com,9012345678,901 Pine St,,Metropolis,CA,90123,USA,2024-03-24
89,Amelia,Fleming,ameliafleming@example.com,0123456789,123 Cedar St,,Sunnydale,NY,12345,USA,2024-03-23
90,Alexander,Webb,alexanderwebb@example.com,2345678901,234 Cedar St,,Lakeview,TX,23456,USA,2024-03-22
91,Sophia,Gibson,sophiagibson@example.com,3456789012,345 Cedar St,,Highland,FL,34567,USA,2024-03-21
92,Liam,Gibson,liamgibson@example.com,4567890123,456 Cedar St,,Springfield,WA,45678,USA,2024-03-20
93,Olivia,Hunt,oliviahunt@example.com,5678901234,567 Cedar St,,Hometown,IL,56789,USA,2024-03-19
94,James,Stanley,jamesstanley@example.com,6789012345,678 Cedar St,,Bigcity,TX,67890,USA,2024-03-18
95,Charlotte,Burke,charlotteburke@example.com,7890123456,789 Cedar St,,Metropolis,FL,78901,USA,2024-03-17
96,Noah,Matthews,noahmatthews@example.com,8901234567,890 Cedar St,,Sunnydale,CA,89012,USA,2024-03-16
97,Ella,Davidson,elladavidson@example.com,9012345678,901 Cedar St,,Lakeview,NY,90123,USA,2024-03-15
98,William,Morrison,williammorrison@example.com,0123456789,123 Oak Ave,,Highland,TX,12345,USA,2024-03-14
99,Amelia,Carpenter,ameliacarpenter@example.com,2345678901,234 Oak Ave,,Springfield,FL,23456,USA,2024-03-13
100,Ethan,Cunningham,ethancunningham@example.com,3456789012,345 Oak Ave,,Hometown,WA,34567,USA,2024-03-12
101,Isabella,Perkins,isabellaperkins@example.com,4567890123,456 Oak Ave,,Bigcity,IL,45678,USA,2024-03-11
102,Liam,Hudson,liamhudson@example.com,5678901234,567 Oak Ave,,Metropolis,TX,56789,USA,2024-03-10
103,Olivia,Wagner,oliviawagner@example.com,6789012345,678 Oak Ave,,Sunnydale,CA,67890,USA,2024-03-09
104,James,Banks,jamesbanks@example.com,7890123456,789 Oak Ave,,Lakeview,NY,78901,USA,2024-03-08
105,Sophia,Pierce,sophiapierce@example.com,8901234567,890 Oak Ave,,Highland,TX,89012,USA,2024-03-07
106,Liam,West,liamwest@example.com,9012345678,901 Oak Ave,,Springfield,FL,90123,USA,2024-03-06
107,Charlotte,Reyes,charlottereyes@example.com,0123456789,123 Cherry Ave,,Hometown,WA,12345,USA,2024-03-05
108,Noah,Fox,noahfox@example.com,2345678901,234 Cherry Ave,,Bigcity,IL,23456,USA,2024-03-04
109,Olivia,Ryan,oliviaryan@example.com,3456789012,345 Cherry Ave,,Metropolis,TX,34567,USA,2024-03-03
110,James,Grant,jamesgrant@example.com,4567890123,456 Cherry Ave,,Sunnydale,CA,45678,USA,2024-03-02
111,Sophia,Knight,sophiaknight@example.com,5678901234,567 Cherry Ave,,Lakeview,NY,56789,USA,2024-03-01
112,Liam,Henderson,liamhenderson@example.com,6789012345,678 Cherry Ave,,Highland,TX,67890,USA,2024-02-29
113,Olivia,Cole,oliviacole@example.com,7890123456,789 Cherry Ave,,Springfield,FL,78901,USA,2024-02-28
114,James,Hayden,jameshayden@example.com,8901234567,890 Cherry Ave,,Hometown,WA,89012,USA,2024-02-27
115,Sophia,Brewer,sophiabrewer@example.com,9012345678,901 Cherry Ave,,Bigcity,IL,90123,USA,2024-02-26
116,Liam,Hardy,liamhardy@example.com,0123456789,123 Cedar Ln,,Metropolis,TX,12345,USA,2024-02-25
117,Olivia,Patel,oliviapatel@example.com,2345678901,234 Cedar Ln,,Sunnydale,CA,23456,USA,2024-02-24
118,James,Ortiz,jamesortiz@example.com,3456789012,345 Cedar Ln,,Lakeview,NY,34567,USA,2024-02-23
119,Sophia,Flores,sophiaflores@example.com,4567890123,456 Cedar Ln,,Highland,TX,45678,USA,2024-02-22
120,Liam,Pearson,liampearson@example.com,5678901234,567 Cedar Ln,,Springfield,FL,56789,USA,2024-02-21
121,Ethan,Dean,ethandean@example.com,7890123456,789 Oak St,,Bigcity,TX,78901,USA,2024-02-19
122,Emma,Gibson,emmagibson@example.com,8901234567,890 Pine St,,Metropolis,FL,89012,USA,2024-02-18
123,Aiden,Bryant,aidenbryant@example.com,9012345678,901 Cedar St,,Sunnydale,WA,90123,USA,2024-02-17
124,Isabella,Reid,isabellareid@example.com,0123456789,123 Maple Ave,,Lakeview,IL,12345,USA,2024-02-16
125,Liam,Murray,liammurray@example.com,2345678901,234 Elmwood Dr,,Highland,TX,23456,USA,2024-02-15
126,Olivia,Olson,oliviaolson@example.com,3456789012,345 Oakwood Ave,,Springfield,CA,34567,USA,2024-02-14
127,James,Crawford,jamescrawford@example.com,4567890123,456 Pineapple Ave,,Hometown,NY,45678,USA,2024-02-13
128,Sophia,Sims,sophiasims@example.com,5678901234,567 Birchwood Ave,,Bigcity,TX,56789,USA,2024-02-12
129,Ethan,Grant,ethangrant@example.com,6789012345,678 Cedar St,,Metropolis,FL,67890,USA,2024-02-11
130,Isabella,Carroll,isabellacarroll@example.com,7890123456,789 Oak Ave,,Sunnydale,WA,78901,USA,2024-02-10
131,Liam,Ferguson,liamferguson@example.com,8901234567,890 Pine St,,Lakeview,IL,89012,USA,2024-02-09
132,Olivia,Stone,oliviastone@example.com,9012345678,901 Elm St,,Highland,TX,90123,USA,2024-02-08
133,James,Hart,jameshart@example.com,0123456789,123 Oakwood Dr,,Springfield,CA,12345,USA,2024-02-07
134,Sophia,Bryant,sophiabryant@example.com,2345678901,234 Pineapple Ave,,Hometown,NY,23456,USA,2024-02-06
135,Ethan,Andrews,ethanandrews@example.com,3456789012,345 Birchwood Ave,,Bigcity,TX,34567,USA,2024-02-05
136,Isabella,Greene,isabellagreene@example.com,4567890123,456 Cedar St,,Metropolis,FL,45678,USA,2024-02-04
137,Liam,Lucas,liamlucas@example.com,5678901234,567 Oak Ave,,Sunnydale,WA,56789,USA,2024-02-03
138,Olivia,Rossi,oliviarossi@example.com,6789012345,678 Pine St,,Lakeview,IL,67890,USA,2024-02-02
139,James,Ricci,jamesricci@example.com,7890123456,789 Elm St,,Highland,TX,78901,USA,2024-02-01
140,Sophia,De Luca,sophiadeluca@example.com,8901234567,890 Oak St,,Springfield,CA,89012,USA,2024-01-31
141,Ethan,Conti,ethanconti@example.com,9012345678,901 Pine St,,Hometown,NY,90123,USA,2024-01-30
142,Isabella,Ferrari,isabellaferrari@example.com,0123456789,123 Cedar St,,Bigcity,TX,12345,USA,2024-01-29
143,Liam,Barone,liambarone@example.com,2345678901,234 Elm St,,Metropolis,FL,23456,USA,2024-01-28
144,Olivia,Marino,oliviamarino@example.com,3456789012,345 Oak St,,Sunnydale,WA,34567,USA,2024-01-27
145,James,Fontana,jamesfontana@example.com,4567890123,456 Pine St,,Lakeview,IL,45678,USA,2024-01-26
146,Sophia,Santoro,sophiasantoro@example.com,5678901234,567 Birch St,,Highland,TX,56789,USA,2024-01-25
147,Ethan,Moretti,ethanmoretti@example.com,6789012345,678 Pine St,,Springfield,CA,67890,USA,2024-01-24
148,Isabella,Leone,isabellaleone@example.com,7890123456,789 Elm St,,Hometown,NY,78901,USA,2024-01-23
149,Liam,Rossi,liamrossi@example.com,8901234567,890 Oak St,,Bigcity,TX,89012,USA,2024-01-22
150,Olivia,Romano,oliviaromano@example.com,9012345678,901 Pine St,,Metropolis,FL,90123,USA,2024-01-21
151,James,Colombo,jamescolombo@example.com,0123456789,123 Cedar St,,Sunnydale,WA,12345,USA,2024-01-20
152,Sophia,Esposito,sophiaesposito@example.com,2345678901,234 Elm St,,Lakeview,IL,23456,USA,2024-01-19
153,Ethan,Ricci,ethanricci@example.com,3456789012,345 Oak St,,Highland,TX,34567,USA,2024-01-18
154,Isabella,Rinaldi,isabellarinaldi@example.com,4567890123,456 Pine St,,Springfield,CA,45678,USA,2024-01-17
155,Liam,De Luca,liamdeluca@example.com,5678901234,567 Birch St,,Hometown,NY,56789,USA,2024-01-16
156,Olivia,Barone,oliviabarone@example.com,6789012345,678 Pine St,,Bigcity,TX,67890,USA,2024-01-15
157,James,Marino,jamesmarino@example.com,7890123456,789 Elm St,,Metropolis,FL,78901,USA,2024-01-14
158,Sophia,Fontana,sophiafontana@example.com,8901234567,890 Oak St,,Sunnydale,WA,89012,USA,2024-01-13
159,Ethan,Santoro,ethansantoro@example.com,9012345678,901 Pine St,,Lakeview,IL,90123,USA,2024-01-12
160,Isabella,Moretti,isabellamoretti@example.com,0123456789,123 Cedar St,,Highland,TX,01234,USA,2024-01-11
161,Liam,Rossi,liamrossi@example.com,2345678901,234 Elm St,,Springfield,CA,23456,USA,2024-01-10
162,Olivia,Romano,oliviaromano@example.com,3456789012,345 Oak St,,Hometown,NY,34567,USA,2024-01-09
163,James,Colombo,jamescolombo@example.com,4567890123,456 Pine St,,Bigcity,TX,45678,USA,2024-01-08
164,Sophia,Esposito,sophiaesposito@example.com,5678901234,567 Birch St,,Metropolis,FL,56789,USA,2024-01-07
165,Ethan,Ricci,ethanricci@example.com,6789012345,678 Pine St,,Sunnydale,WA,67890,USA,2024-01-06
166,Isabella,Rinaldi,isabellarinaldi@example.com,7890123456,789 Elm St,,Lakeview,IL,78901,USA,2024-01-05
167,Liam,De Luca,liamdeluca@example.com,8901234567,890 Oak St,,Highland,TX,89012,USA,2024-01-04
168,Olivia,Barone,oliviabarone@example.com,9012345678,901 Pine St,,Springfield,CA,90123,USA,2024-01-03
169,James,Marino,jamesmarino@example.com,0123456789,123 Cedar St,,Hometown,NY,12345,USA,2024-01-02
170,Sophia,Fontana,sophiafontana@example.com,1234567890,234 Elm St,,Bigcity,TX,23456,USA,2024-01-01
171,Ethan,Santoro,ethansantoro@example.com,2345678901,345 Oak St,,Metropolis,FL,34567,USA,2023-12-31
172,Isabella,Moretti,isabellamoretti@example.com,3456789012,456 Pine St,,Sunnydale,WA,45678,USA,2023-12-30
173,Liam,Ferrari,liamferrari@example.com,4567890123,567 Birch St,,Lakeview,IL,56789,USA,2023-12-29
174,Olivia,Leone,olivialeone@example.com,5678901234,678 Pine St,,Highland,TX,67890,USA,2023-12-28
175,James,Rossi,jamesrossi@example.com,6789012345,789 Elm St,,Springfield,CA,78901,USA,2023-12-27
176,Sophia,Marino,sophiamarino@example.com,7890123456,890 Oak St,,Hometown,NY,89012,USA,2023-12-26
177,Ethan,Fontana,ethanfontana@example.com,8901234567,901 Pine St,,Bigcity,TX,90123,USA,2023-12-25
178,Isabella,Santoro,isabellasantoro@example.com,9012345678,012 Cedar St,,Metropolis,FL,01234,USA,2023-12-24
179,Liam,Moretti,liammoretti@example.com,0123456789,123 Elm St,,Sunnydale,WA,12345,USA,2023-12-23
180,Olivia,Ferrari,oliviaferrari@example.com,1234567890,234 Oak St,,Lakeview,IL,23456,USA,2023-12-22
181,James,Leone,jamesleone@example.com,2345678901,345 Pine St,,Highland,TX,34567,USA,2023-12-21
182,Sophia,Rossi,sophiarossi@example.com,3456789012,456 Birch St,,Springfield,CA,45678,USA,2023-12-20
183,Ethan,Marino,ethanmarino@example.com,4567890123,567 Cedar St,,Hometown,NY,56789,USA,2023-12-19
184,Isabella,Fontana,isabellafontana@example.com,5678901234,678 Pine St,,Bigcity,TX,67890,USA,2023-12-18
185,Liam,Santoro,liamsantoro@example.com,6789012345,789 Oak St,,Metropolis,FL,78901,USA,2023-12-17
186,Olivia,Moretti,oliviamoretti@example.com,7890123456,890 Pine St,,Sunnydale,WA,89012,USA,2023-12-16
187,James,Ferrari,jamesferrari@example.com,8901234567,901 Elm St,,Lakeview,IL,90123,USA,2023-12-15
188,Sophia,Leone,sophialeone@example.com,9012345678,012 Oak St,,Highland,TX,01234,USA,2023-12-14
189,Ethan,Rossi,ethanrossi@example.com,0123456789,123 Cedar St,,Springfield,CA,12345,USA,2023-12-13
190,Isabella,Marino,isabellamarino@example.com,1234567890,234 Pine St,,Hometown,NY,23456,USA,2023-12-12
191,Liam,Fontana,liamfontana@example.com,2345678901,345 Birch St,,Bigcity,TX,34567,USA,2023-12-11
192,Olivia,Santoro,oliviasantoro@example.com,3456789012,456 Oak St,,Metropolis,FL,45678,USA,2023-12-10
193,James,Moretti,jamesmoretti@example.com,4567890123,567 Elm St,,Sunnydale,WA,56789,USA,2023-12-09
194,Sophia,Ferrari,sophiaferrari@example.com,5678901234,678 Oak St,,Lakeview,IL,67890,USA,2023-12-08
195,Ethan,Leone,ethanleone@example.com,6789012345,789 Pine St,,Highland,TX,78901,USA,2023-12-07
196,Isabella,Rossi,isabellarossi@example.com,7890123456,890 Cedar St,,Springfield,CA,89012,USA,2023-12-06
197,Liam,Marino,liammarino@example.com,8901234567,901 Pine St,,Hometown,NY,90123,USA,2023-12-05
198,Olivia,Fontana,oliviafontana@example.com,9012345678,012 Oak St,,Bigcity,TX,01234,USA,2023-12-04
199,James,Santoro,jamessantoro@example.com,0123456789,123 Elm St,,Metropolis,FL,12345,USA,2023-12-03
200,Sophia,Moretti,sophiamoretti@example.com,1234567890,234 Pine St,,Sunnydale,WA,23456,USA,2023-12-02